loan_id,loan_amount,term,interest_rate,grade,purpose,home_ownership,annual_income,emp_length,dti,fico_score,total_credit_lines,revolving_balance,revolving_utilization,loan_status,fico_category,dti_category,log_income,log_loan_amount
1,15600.0,36 months,8.4,A,medical,MORTGAGE,31000.0,5,17.0,722,14,22600.0,0.48,Fully Paid,Good,Low,10.34177474101152,9.65509029374725
2,38100.0,36 months,10.6,A,debt_consolidation,MORTGAGE,37000.0,4,3.6,701,10,9200.0,0.84,Fully Paid,Good,Very Low,10.518700218288165,10.547995807489514
3,29500.0,36 months,8.5,A,debt_consolidation,RENT,109000.0,2,20.5,734,20,42700.0,0.36,Fully Paid,Good,Moderate,11.599112335481124,10.292179440058462
4,24300.0,36 months,6.8,C,debt_consolidation,RENT,43000.0,8,15.6,730,10,44100.0,0.86,Fully Paid,Good,Low,10.668978650219241,10.098272780745283
5,7100.0,60 months,7.4,B,credit_card,RENT,35000.0,4,33.9,682,21,23300.0,0.41,Fully Paid,Good,High,10.463131911491967,8.867990898182093
6,7100.0,60 months,14.2,D,medical,RENT,78000.0,4,30.3,671,14,3800.0,0.33,Fully Paid,Good,High,11.264476926102367,8.867990898182093
7,3300.0,36 months,9.1,D,home_improvement,MORTGAGE,108000.0,3,18.2,705,22,19400.0,0.45,Fully Paid,Good,Low,11.58989576532275,8.101980731853192
8,34800.0,36 months,12.3,B,credit_card,MORTGAGE,86000.0,3,10.9,777,26,40200.0,0.76,Fully Paid,Very Good,Low,11.362114203075018,10.457401400981889
9,24400.0,60 months,15.1,A,debt_consolidation,MORTGAGE,99000.0,0,49.4,638,22,45100.0,0.13,Fully Paid,Fair,Very High,11.502885230075814,10.102379394048045
10,28600.0,36 months,18.8,B,other,MORTGAGE,41000.0,6,22.7,627,7,10200.0,0.2,Fully Paid,Fair,Moderate,10.62135173563291,10.261196961231647
11,1800.0,36 months,5.8,C,credit_card,MORTGAGE,29000.0,8,34.4,708,24,3300.0,0.95,Fully Paid,Good,High,10.275085591132715,7.496097345175956
12,38800.0,36 months,21.0,A,credit_card,MORTGAGE,127000.0,2,7.0,703,25,43900.0,0.18,Fully Paid,Good,Very Low,11.751950239425476,10.566201298475118
13,33500.0,36 months,17.6,C,debt_consolidation,OWN,51000.0,1,24.3,709,29,19500.0,0.57,Fully Paid,Good,Moderate,10.839600519357369,10.419330568113901
14,9300.0,60 months,6.6,B,major_purchase,RENT,53000.0,2,1.4,712,19,27100.0,0.58,Fully Paid,Good,Very Low,10.87806606028079,9.137877200242468
15,8100.0,60 months,22.5,C,home_improvement,RENT,116000.0,0,25.3,689,19,48400.0,0.49,Fully Paid,Good,Moderate,11.661354090741,8.999742789830492
16,8200.0,36 months,23.4,B,debt_consolidation,RENT,79000.0,5,48.2,774,8,3300.0,0.64,Fully Paid,Very Good,Very High,11.277215789596893,9.012011377036412
17,12900.0,36 months,6.2,A,debt_consolidation,MORTGAGE,75000.0,10,19.2,620,13,32400.0,0.23,Fully Paid,Fair,Low,11.225256725762893,9.465060106725137
18,21500.0,36 months,10.5,E,home_improvement,OWN,177000.0,10,1.9,659,30,3700.0,0.55,Fully Paid,Fair,Very Low,12.083910661257521,9.975854724662028
19,17800.0,36 months,21.1,D,home_improvement,RENT,43000.0,6,1.5,695,23,18800.0,0.37,Fully Paid,Good,Very Low,10.668978650219241,9.787009914477434
20,12400.0,36 months,20.0,A,debt_consolidation,OWN,95000.0,10,19.4,618,28,40200.0,0.66,Fully Paid,Fair,Low,11.461642696843066,9.425532393502772
21,24900.0,36 months,8.7,D,vacation,RENT,62000.0,10,8.0,691,21,21700.0,0.14,Fully Paid,Good,Very Low,11.034905792929415,10.122663242288953
22,6400.0,60 months,9.2,B,debt_consolidation,OWN,68000.0,1,1.2,783,15,49900.0,0.57,Fully Paid,Very Good,Very Low,11.127277689932466,8.764209507142004
23,12400.0,36 months,12.4,D,credit_card,RENT,129000.0,7,37.8,701,29,28000.0,0.19,Fully Paid,Good,High,11.767575435251748,9.425532393502772
24,15300.0,36 months,14.7,D,wedding,RENT,77000.0,5,22.9,712,13,16100.0,0.28,Fully Paid,Good,Moderate,11.251573687764477,9.635673464721814
25,18800.0,60 months,17.4,B,credit_card,MORTGAGE,78000.0,3,14.5,637,14,11000.0,0.22,Fully Paid,Fair,Low,11.264476926102367,9.841665338892785
26,31600.0,60 months,12.4,A,home_improvement,RENT,102000.0,4,45.0,669,22,17500.0,0.18,Fully Paid,Fair,Very High,11.532737896139919,10.360944044643913
27,8800.0,36 months,14.3,A,debt_consolidation,RENT,50000.0,7,5.8,681,24,18600.0,0.83,Fully Paid,Good,Very Low,10.819798284210286,9.082620630373812
28,21100.0,36 months,19.9,B,debt_consolidation,RENT,39000.0,2,47.8,684,17,3400.0,0.29,Fully Paid,Good,Very High,10.571342565808699,9.957075711706057
29,24100.0,36 months,5.7,C,other,MORTGAGE,36000.0,2,15.7,764,12,18500.0,0.93,Fully Paid,Very Good,Low,10.491301994830229,10.090008612393838
30,2800.0,36 months,10.0,A,credit_card,MORTGAGE,22000.0,10,44.4,728,11,23200.0,0.97,Fully Paid,Good,Very High,9.99884318585288,7.937731775260109
31,24700.0,36 months,19.3,A,small_business,RENT,167000.0,3,30.1,644,21,36100.0,0.57,Fully Paid,Fair,High,12.025755079404917,10.114599007626499
32,7700.0,60 months,22.9,D,debt_consolidation,MORTGAGE,34000.0,0,41.3,712,25,32800.0,0.14,Default,Good,Very High,10.434145214930487,8.94910546953925
33,3500.0,36 months,15.2,G,debt_consolidation,MORTGAGE,54000.0,8,49.2,725,27,35400.0,0.37,Default,Good,Very High,10.896757843893464,8.160803920954665
34,38000.0,36 months,15.6,B,debt_consolidation,RENT,52000.0,7,14.4,757,19,400.0,0.8,Fully Paid,Very Good,Low,10.859018228147887,10.545367754151743
35,38700.0,36 months,7.1,A,home_improvement,MORTGAGE,70000.0,7,48.1,779,24,10900.0,0.37,Fully Paid,Very Good,Very High,11.156264806643742,10.563620718477313
36,32500.0,36 months,13.9,A,debt_consolidation,RENT,90000.0,9,19.5,649,19,33100.0,0.09,Fully Paid,Fair,Low,11.407576060361786,10.389026137075234
37,12900.0,60 months,15.7,A,small_business,RENT,92000.0,5,19.3,659,5,24200.0,0.56,Fully Paid,Fair,Low,11.429554725537322,9.465060106725137
38,4800.0,60 months,9.8,E,credit_card,MORTGAGE,45000.0,6,17.0,637,29,300.0,0.85,Fully Paid,Fair,Low,10.714439990727769,8.476579508530941
39,27700.0,36 months,10.4,A,vacation,RENT,55000.0,5,27.1,688,18,40200.0,0.8,Fully Paid,Good,Moderate,10.915106645867503,10.229223792606835
40,18200.0,36 months,12.5,C,debt_consolidation,MORTGAGE,69000.0,8,7.7,723,9,38600.0,0.18,Fully Paid,Good,Very Low,11.141876276228,9.809231816610408
41,5800.0,36 months,5.4,A,small_business,MORTGAGE,53000.0,2,27.7,749,15,27400.0,0.67,Fully Paid,Very Good,Moderate,10.87806606028079,8.665785595466064
42,20300.0,36 months,11.4,C,medical,RENT,134000.0,2,27.1,696,20,3300.0,0.22,Fully Paid,Good,Moderate,11.80560254159177,9.918425424900335
43,2300.0,36 months,9.2,C,medical,MORTGAGE,77000.0,2,38.1,684,6,38300.0,0.22,Fully Paid,Good,High,11.251573687764477,7.741099090035366
44,36500.0,36 months,11.5,D,major_purchase,RENT,86000.0,9,41.7,708,12,29200.0,0.87,Default,Good,Very High,11.362114203075018,10.505094936455558
45,11100.0,36 months,7.4,A,medical,OWN,83000.0,2,22.0,658,15,39100.0,0.25,Fully Paid,Fair,Moderate,11.326607934898927,9.314790473332646
46,26800.0,36 months,22.8,A,home_improvement,MORTGAGE,108000.0,8,15.1,804,22,37600.0,0.26,Default,Excellent,Low,11.58989576532275,10.196194479235656
47,13200.0,36 months,16.9,A,debt_consolidation,MORTGAGE,66000.0,3,13.0,620,7,40200.0,0.0,Fully Paid,Fair,Low,11.097425172408931,9.488047863280759
48,21300.0,36 months,18.6,E,debt_consolidation,MORTGAGE,31000.0,6,9.7,709,30,25900.0,0.87,Fully Paid,Good,Very Low,10.34177474101152,9.966509298952284
49,22300.0,36 months,20.8,D,wedding,RENT,73000.0,8,2.9,801,5,7000.0,0.79,Fully Paid,Excellent,Very Low,11.19822841866684,10.012386799492118
50,8200.0,36 months,15.0,C,home_improvement,MORTGAGE,43000.0,10,17.1,700,15,33600.0,0.63,Fully Paid,Good,Low,10.668978650219241,9.012011377036412
51,38800.0,36 months,6.7,C,major_purchase,OWN,46000.0,6,13.5,690,20,31000.0,0.75,Fully Paid,Good,Low,10.736418414365376,10.566201298475118
52,31200.0,60 months,15.7,C,credit_card,MORTGAGE,80000.0,8,48.3,682,22,37100.0,0.15,Fully Paid,Good,Very High,11.289794413577894,10.348205424565993
53,37600.0,36 months,16.7,A,debt_consolidation,MORTGAGE,111000.0,2,27.9,691,20,8500.0,0.46,Fully Paid,Good,Moderate,11.6172944892629,10.534785924769006
54,35900.0,36 months,19.9,E,debt_consolidation,OWN,61000.0,3,17.4,769,27,9700.0,0.35,Default,Very Good,Low,11.0186455364637,10.488520429241627
55,24300.0,36 months,13.6,B,home_improvement,RENT,70000.0,7,29.0,589,14,44500.0,0.09,Fully Paid,Fair,Moderate,11.156264806643742,10.098272780745283
56,37000.0,36 months,7.6,B,credit_card,RENT,140000.0,5,7.0,777,22,37500.0,0.49,Fully Paid,Very Good,Very Low,11.849404844423074,10.518700218288165
57,4500.0,36 months,10.7,B,debt_consolidation,MORTGAGE,68000.0,4,22.2,629,10,45400.0,0.92,Fully Paid,Fair,Moderate,11.127277689932466,8.412054873292933
58,8600.0,36 months,12.3,A,credit_card,MORTGAGE,220000.0,3,31.3,687,23,37900.0,0.04,Fully Paid,Good,High,12.301387370778713,9.059633754551479
59,2800.0,60 months,17.9,A,debt_consolidation,MORTGAGE,79000.0,7,24.4,679,8,29900.0,0.29,Fully Paid,Good,Moderate,11.277215789596893,7.937731775260109
60,13700.0,36 months,16.4,C,credit_card,OWN,25000.0,0,20.1,729,17,32700.0,0.21,Fully Paid,Good,Moderate,10.12667110305036,9.525224101853109
61,16200.0,36 months,12.1,A,debt_consolidation,RENT,87000.0,8,49.7,620,28,44500.0,0.24,Fully Paid,Fair,Very High,11.373674891823535,9.692828247710418
62,11600.0,36 months,24.7,C,major_purchase,RENT,72000.0,0,44.0,723,18,28900.0,0.91,Fully Paid,Good,Very High,11.184435286790631,9.358846580275406
63,33300.0,36 months,17.1,A,debt_consolidation,MORTGAGE,114000.0,7,31.2,801,7,31600.0,0.47,Fully Paid,Excellent,High,11.643962499267984,10.413342705547674
64,14900.0,36 months,9.7,B,credit_card,RENT,84000.0,3,28.5,632,14,7800.0,0.47,Fully Paid,Fair,Moderate,11.338583982516495,9.60918360377546
65,12000.0,60 months,7.0,A,debt_consolidation,MORTGAGE,56000.0,8,31.0,709,10,23700.0,0.76,Fully Paid,Good,High,10.933124826700707,9.392745258631441
66,22200.0,36 months,8.1,B,debt_consolidation,MORTGAGE,32000.0,10,10.1,667,5,35800.0,0.15,Default,Fair,Low,10.373522431293592,10.007892611890918
67,6500.0,60 months,9.9,C,debt_consolidation,MORTGAGE,54000.0,4,19.8,721,27,13500.0,0.49,Fully Paid,Good,Low,10.896757843893464,8.77971129020447
68,32300.0,60 months,8.2,A,credit_card,RENT,39000.0,2,2.0,701,28,10100.0,0.43,Fully Paid,Good,Very Low,10.571342565808699,10.382853468483827
69,3900.0,36 months,8.7,C,home_improvement,MORTGAGE,45000.0,8,23.8,668,18,15700.0,0.6,Fully Paid,Fair,Moderate,10.714439990727769,8.268988209506656
70,39500.0,36 months,10.7,B,debt_consolidation,MORTGAGE,80000.0,10,27.2,724,12,12100.0,1.0,Fully Paid,Good,Moderate,11.289794413577894,10.584081267024454
71,31100.0,36 months,8.5,C,home_improvement,MORTGAGE,138000.0,8,11.4,790,23,10700.0,0.77,Default,Very Good,Low,11.835016210489899,10.344995251991222
72,8700.0,36 months,22.9,E,small_business,RENT,73000.0,3,48.2,690,18,21200.0,0.4,Fully Paid,Good,Very High,11.19822841866684,9.071193240566025
73,1200.0,36 months,6.6,C,medical,MORTGAGE,33000.0,10,45.5,736,14,45400.0,0.83,Fully Paid,Good,Very High,10.404293143019792,7.0909098220799835
74,32800.0,36 months,15.5,A,debt_consolidation,OWN,75000.0,3,36.1,635,21,25400.0,0.17,Fully Paid,Fair,High,11.225256725762893,10.39821428171237
75,28600.0,36 months,13.2,A,credit_card,RENT,109000.0,7,26.7,652,13,9400.0,0.03,Fully Paid,Fair,Moderate,11.599112335481124,10.261196961231647
76,29400.0,36 months,24.6,A,debt_consolidation,RENT,44000.0,1,43.5,724,10,3800.0,0.2,Fully Paid,Good,Very High,10.691967639914864,10.288783966353765
77,31100.0,60 months,7.2,C,debt_consolidation,RENT,56000.0,8,6.5,774,15,34800.0,0.34,Fully Paid,Very Good,Very Low,10.933124826700707,10.344995251991222
78,3900.0,36 months,13.0,A,other,MORTGAGE,60000.0,5,39.5,718,29,19100.0,0.51,Fully Paid,Good,High,11.002116507732017,8.268988209506656
79,15000.0,60 months,24.4,B,debt_consolidation,MORTGAGE,40000.0,8,6.2,684,11,41100.0,0.62,Fully Paid,Good,Very Low,10.596659732783579,9.61587214452889
80,5500.0,36 months,22.3,C,credit_card,MORTGAGE,83000.0,7,39.7,700,21,33000.0,0.91,Default,Good,High,11.326607934898927,8.612685172875459
81,34700.0,36 months,21.3,B,home_improvement,RENT,56000.0,6,13.8,637,5,39800.0,0.51,Fully Paid,Fair,Low,10.933124826700707,10.454523783963511
82,25300.0,36 months,10.2,D,medical,RENT,74000.0,0,43.9,730,26,13600.0,0.5,Fully Paid,Good,Very High,11.211833885608513,10.138599199626192
83,13900.0,36 months,8.4,A,credit_card,MORTGAGE,38000.0,2,47.2,744,9,34600.0,0.05,Default,Very Good,Very High,10.545367754151743,9.539716058977092
84,3500.0,60 months,18.4,A,debt_consolidation,MORTGAGE,48000.0,10,7.4,677,13,13200.0,0.03,Fully Paid,Good,Very Low,10.778977123006351,8.160803920954665
85,13100.0,60 months,23.6,C,debt_consolidation,OWN,86000.0,1,23.1,676,22,47000.0,0.55,Default,Good,Moderate,11.362114203075018,9.48044384215367
86,13700.0,60 months,16.1,B,credit_card,RENT,50000.0,4,49.0,713,28,31800.0,0.44,Fully Paid,Good,Very High,10.819798284210286,9.525224101853109
87,29500.0,36 months,16.4,C,debt_consolidation,MORTGAGE,142000.0,4,24.2,678,25,16200.0,0.84,Fully Paid,Good,Moderate,11.863589378812122,10.292179440058462
88,25900.0,36 months,10.6,B,debt_consolidation,MORTGAGE,49000.0,4,43.2,697,6,13500.0,0.16,Default,Good,Very High,10.799595985047786,10.16203685698089
89,35600.0,60 months,20.4,A,debt_consolidation,MORTGAGE,67000.0,3,29.4,805,30,9500.0,0.02,Fully Paid,Excellent,Moderate,11.112462823634855,10.480129006333248
90,19400.0,60 months,8.7,D,debt_consolidation,MORTGAGE,95000.0,4,18.8,688,15,34700.0,0.45,Fully Paid,Good,Low,11.461642696843066,9.873079890114703
91,5700.0,60 months,11.5,D,debt_consolidation,MORTGAGE,29000.0,2,14.3,682,10,10900.0,0.24,Fully Paid,Good,Low,10.275085591132715,8.648396877031582
92,28800.0,36 months,13.5,C,debt_consolidation,OWN,25000.0,0,10.2,668,30,29800.0,0.05,Fully Paid,Fair,Low,10.12667110305036,10.268165387743457
93,30700.0,36 months,15.2,A,credit_card,RENT,28000.0,4,38.1,737,12,13200.0,0.72,Fully Paid,Good,High,10.239995502805316,10.332050506334692
94,22900.0,60 months,9.8,C,home_improvement,RENT,113000.0,8,19.3,691,8,33100.0,0.11,Fully Paid,Good,Low,11.635151947212842,10.038935856711177
95,31100.0,36 months,7.3,B,major_purchase,MORTGAGE,45000.0,8,25.6,668,22,40700.0,0.61,Fully Paid,Fair,Moderate,10.714439990727769,10.344995251991222
96,20300.0,60 months,17.2,A,debt_consolidation,MORTGAGE,215000.0,3,24.6,766,15,38900.0,0.28,Fully Paid,Very Good,Moderate,12.278397958261774,9.918425424900335
97,21400.0,60 months,10.8,E,debt_consolidation,RENT,45000.0,2,28.9,771,9,38000.0,0.17,Default,Very Good,Moderate,10.714439990727769,9.97119292889014
98,17700.0,36 months,16.6,A,debt_consolidation,RENT,66000.0,0,43.3,670,19,9400.0,0.38,Fully Paid,Fair,Very High,11.097425172408931,9.781376414141157
99,2000.0,60 months,8.1,F,home_improvement,RENT,129000.0,1,49.0,607,22,4400.0,0.8,Default,Fair,Very High,11.767575435251748,7.601402334583733
100,5200.0,60 months,14.6,B,medical,OWN,163000.0,7,20.4,750,6,34900.0,0.39,Fully Paid,Very Good,Moderate,12.001511614739405,8.556606193773073
101,2200.0,36 months,15.7,A,debt_consolidation,RENT,168000.0,0,41.4,666,26,18400.0,0.75,Fully Paid,Fair,Very High,12.031725210748633,7.696667081526462
102,25800.0,60 months,6.0,B,wedding,RENT,110000.0,7,38.2,740,15,21600.0,0.13,Fully Paid,Good,High,11.608244735642321,10.158168529848494
103,13300.0,36 months,11.7,D,debt_consolidation,RENT,100000.0,6,28.7,601,30,1600.0,0.77,Default,Fair,Moderate,11.51293546492023,9.495594499353297
104,20800.0,60 months,7.7,C,credit_card,RENT,81000.0,7,47.8,745,29,13000.0,0.24,Fully Paid,Very Good,Very High,11.302216779257382,9.942756341456828
105,36400.0,36 months,6.3,D,medical,RENT,88000.0,5,10.0,639,17,1700.0,0.68,Fully Paid,Fair,Very Low,11.385103457032141,10.502351525774941
106,10700.0,60 months,24.8,C,small_business,MORTGAGE,45000.0,8,5.5,737,8,44000.0,0.57,Fully Paid,Good,Very Low,10.714439990727769,9.278092474027002
107,17000.0,36 months,11.4,C,medical,RENT,40000.0,2,42.7,701,26,12200.0,0.93,Default,Good,Very High,10.596659732783579,9.741027444837728
108,30500.0,36 months,21.2,D,major_purchase,MORTGAGE,60000.0,9,22.0,652,11,27900.0,0.39,Fully Paid,Fair,Moderate,11.002116507732017,10.32551474894327
109,9900.0,60 months,10.1,A,debt_consolidation,RENT,55000.0,3,42.3,680,15,1900.0,0.07,Fully Paid,Good,Very High,10.915106645867503,9.200391041122515
110,4000.0,36 months,18.6,B,major_purchase,MORTGAGE,48000.0,5,44.7,734,26,33300.0,0.02,Fully Paid,Good,Very High,10.778977123006351,8.294299608857235
111,12300.0,36 months,20.2,A,debt_consolidation,OWN,85000.0,7,3.1,705,28,16200.0,0.83,Fully Paid,Good,Very Low,11.350418300109132,9.417435838868785
112,7300.0,60 months,16.9,G,small_business,MORTGAGE,97000.0,4,44.2,729,8,44900.0,0.52,Default,Good,Very High,11.48247656671073,8.895766604056085
113,37300.0,60 months,14.4,E,credit_card,MORTGAGE,63000.0,2,22.4,799,19,44400.0,0.78,Fully Paid,Very Good,Moderate,11.050905878263567,10.526775414924009
114,32500.0,36 months,13.2,A,major_purchase,RENT,125000.0,5,25.5,622,5,16300.0,0.23,Fully Paid,Fair,Moderate,11.736077016252437,10.389026137075234
115,25700.0,36 months,12.0,C,credit_card,RENT,34000.0,3,31.3,781,27,45000.0,0.35,Fully Paid,Very Good,High,10.434145214930487,10.154285180632154
116,35000.0,36 months,23.6,E,home_improvement,MORTGAGE,54000.0,8,46.3,705,7,49800.0,0.03,Default,Good,Very High,10.896757843893464,10.463131911491967
117,32300.0,36 months,21.6,A,credit_card,OWN,42000.0,2,1.0,655,18,41300.0,0.96,Fully Paid,Fair,Very Low,10.645448706505872,10.382853468483827
118,8300.0,36 months,24.3,C,medical,MORTGAGE,24000.0,3,23.8,633,10,42200.0,0.67,Fully Paid,Fair,Moderate,10.085850775128717,9.024131268455035
119,35800.0,36 months,7.5,E,debt_consolidation,MORTGAGE,57000.0,6,34.4,691,22,12500.0,0.93,Fully Paid,Good,High,10.950824090522445,10.485731104959568
120,22000.0,60 months,19.6,A,debt_consolidation,MORTGAGE,56000.0,6,36.1,746,29,28800.0,0.27,Fully Paid,Very Good,High,10.933124826700707,9.99884318585288
121,32500.0,60 months,23.8,C,debt_consolidation,MORTGAGE,128000.0,3,34.6,694,5,3400.0,0.61,Fully Paid,Good,High,11.759793355371237,10.389026137075234
122,35900.0,60 months,8.6,A,debt_consolidation,RENT,82000.0,5,6.7,776,10,4700.0,0.68,Fully Paid,Very Good,Very Low,11.314486721293981,10.488520429241627
123,13400.0,36 months,6.3,E,small_business,MORTGAGE,36000.0,2,15.0,627,10,49900.0,0.32,Fully Paid,Fair,Low,10.491301994830229,9.503084610020228
124,5300.0,36 months,19.8,F,debt_consolidation,OWN,151000.0,5,17.9,699,25,16300.0,0.85,Default,Good,Low,11.92504173829169,8.575650760987806
125,9900.0,36 months,16.5,E,vacation,RENT,110000.0,1,40.2,637,20,37400.0,0.95,Default,Fair,Very High,11.608244735642321,9.200391041122515
126,17700.0,36 months,21.8,B,debt_consolidation,MORTGAGE,80000.0,7,13.9,718,9,40300.0,0.88,Fully Paid,Good,Low,11.289794413577894,9.781376414141157
127,32900.0,36 months,7.8,D,debt_consolidation,RENT,53000.0,1,10.5,744,21,42900.0,0.74,Fully Paid,Very Good,Low,10.87806606028079,10.401258331428318
128,34600.0,60 months,20.9,D,major_purchase,MORTGAGE,37000.0,10,47.9,679,14,49900.0,0.28,Fully Paid,Good,Very High,10.518700218288165,10.451637862362272
129,1300.0,36 months,9.0,B,home_improvement,RENT,50000.0,6,0.4,580,25,12100.0,0.28,Fully Paid,Very Poor,Very Low,10.819798284210286,7.170888478512505
130,20900.0,36 months,8.3,D,credit_card,MORTGAGE,103000.0,8,49.9,710,22,2000.0,0.96,Default,Good,Very High,11.542493975902508,9.94755228369823
131,17300.0,36 months,8.3,A,credit_card,MORTGAGE,154000.0,0,33.8,722,11,20600.0,0.01,Fully Paid,Good,High,11.944714374881176,9.758519582283522
132,9700.0,60 months,21.3,C,medical,RENT,130000.0,7,41.4,720,7,6500.0,0.72,Fully Paid,Good,Very High,11.775297421715827,9.179984251961283
133,5700.0,36 months,18.3,A,debt_consolidation,MORTGAGE,47000.0,6,14.7,762,17,1100.0,0.71,Fully Paid,Very Good,Low,10.757924157061597,8.648396877031582
134,14200.0,36 months,15.5,A,other,MORTGAGE,34000.0,5,0.7,646,19,18000.0,0.62,Fully Paid,Fair,Very Low,10.434145214930487,9.561067663645012
135,37800.0,36 months,12.2,A,vacation,OWN,64000.0,5,36.9,734,24,39200.0,0.99,Fully Paid,Good,High,11.06665398721974,10.540090836284206
136,13600.0,60 months,22.5,C,home_improvement,RENT,25000.0,5,41.7,760,23,28300.0,0.31,Fully Paid,Very Good,Very High,10.12667110305036,9.517898598432753
137,21200.0,36 months,12.8,B,debt_consolidation,RENT,70000.0,8,37.0,611,7,15600.0,0.34,Fully Paid,Fair,High,11.156264806643742,9.961803629358965
138,28400.0,60 months,21.3,C,home_improvement,RENT,56000.0,1,7.1,716,8,32700.0,0.08,Fully Paid,Good,Very Low,10.933124826700707,10.254179634797001
139,15200.0,60 months,13.8,A,debt_consolidation,OWN,47000.0,0,37.7,675,9,11600.0,0.44,Fully Paid,Good,High,10.757924157061597,9.62911649414402
140,38900.0,36 months,12.5,B,debt_consolidation,OWN,27000.0,5,38.4,696,5,700.0,0.26,Fully Paid,Good,High,10.203629181337648,10.568775236216993
141,38500.0,36 months,14.3,B,debt_consolidation,MORTGAGE,77000.0,9,32.9,717,8,38200.0,0.34,Fully Paid,Good,High,11.251573687764477,10.55843949396453
142,10800.0,60 months,11.0,D,credit_card,MORTGAGE,46000.0,10,38.3,676,16,31200.0,0.83,Default,Good,High,10.736418414365376,9.287394001418473
143,20400.0,36 months,20.0,B,small_business,MORTGAGE,33000.0,7,42.3,666,28,38100.0,0.94,Fully Paid,Fair,Very High,10.404293143019792,9.923339198238729
144,12700.0,36 months,15.1,C,medical,MORTGAGE,20000.0,2,30.7,702,14,1900.0,0.19,Fully Paid,Good,High,9.90353755128617,9.44943600950432
145,12100.0,60 months,9.6,D,medical,RENT,59000.0,9,4.4,646,27,41900.0,0.37,Fully Paid,Fair,Very Low,10.985309671896763,9.401043372798053
146,2400.0,60 months,23.0,C,credit_card,MORTGAGE,145000.0,0,24.4,646,29,31000.0,0.93,Fully Paid,Fair,Moderate,11.884495917930655,7.783640596221253
147,24800.0,60 months,12.7,A,debt_consolidation,RENT,137000.0,8,3.9,734,25,28200.0,0.06,Fully Paid,Good,Very Low,11.827743504053695,10.118639253920785
148,20600.0,60 months,15.9,A,debt_consolidation,MORTGAGE,48000.0,0,20.4,643,30,31200.0,0.09,Fully Paid,Fair,Moderate,10.778977123006351,9.933094897288786
149,3000.0,36 months,23.1,D,other,MORTGAGE,44000.0,2,20.4,733,24,43200.0,0.16,Fully Paid,Good,Moderate,10.691967639914864,8.006700845440367
150,11900.0,36 months,17.5,A,debt_consolidation,MORTGAGE,76000.0,7,3.3,723,28,29300.0,0.6,Fully Paid,Good,Very Low,11.23850177707664,9.38437770918244
151,36400.0,60 months,7.3,D,small_business,RENT,36000.0,2,17.4,614,29,29000.0,0.15,Fully Paid,Fair,Low,10.491301994830229,10.502351525774941
152,10300.0,36 months,23.8,B,credit_card,RENT,70000.0,3,5.5,666,17,49500.0,0.97,Fully Paid,Fair,Very Low,11.156264806643742,9.239996256883693
153,6700.0,36 months,17.6,E,credit_card,RENT,88000.0,7,40.4,760,27,37800.0,0.45,Default,Very Good,Very High,11.385103457032141,8.81001204797317
154,20100.0,60 months,11.7,D,medical,RENT,111000.0,0,47.4,651,18,22100.0,0.5,Fully Paid,Fair,Very High,11.6172944892629,9.908524844053396
155,39400.0,36 months,7.8,G,credit_card,RENT,57000.0,5,3.6,677,27,35400.0,0.25,Default,Good,Very Low,10.950824090522445,10.5815464756746
156,10400.0,36 months,20.9,B,small_business,OWN,54000.0,0,47.8,723,9,19500.0,0.47,Fully Paid,Good,Very High,10.896757843893464,9.249657234353133
157,27200.0,36 months,17.4,D,wedding,MORTGAGE,39000.0,0,26.1,739,8,11400.0,0.66,Fully Paid,Good,Moderate,10.571342565808699,10.211009016314167
158,30700.0,36 months,15.7,B,credit_card,RENT,40000.0,7,15.0,687,18,29800.0,0.75,Fully Paid,Good,Low,10.596659732783579,10.332050506334692
159,10300.0,36 months,22.9,B,debt_consolidation,RENT,53000.0,10,3.8,670,14,46400.0,0.75,Fully Paid,Fair,Very Low,10.87806606028079,9.239996256883693
160,29400.0,36 months,20.8,C,credit_card,MORTGAGE,72000.0,3,25.0,771,21,46500.0,0.58,Fully Paid,Very Good,Moderate,11.184435286790631,10.288783966353765
161,15300.0,36 months,8.0,D,wedding,MORTGAGE,95000.0,0,39.7,787,14,17100.0,0.9,Fully Paid,Very Good,High,11.461642696843066,9.635673464721814
162,25700.0,36 months,11.2,G,debt_consolidation,MORTGAGE,40000.0,9,35.4,749,30,26400.0,0.82,Default,Very Good,High,10.596659732783579,10.154285180632154
163,25700.0,60 months,10.0,D,home_improvement,OWN,126000.0,6,2.5,704,11,10600.0,0.76,Fully Paid,Good,Very Low,11.744045122410057,10.154285180632154
164,21900.0,36 months,19.9,B,home_improvement,MORTGAGE,52000.0,4,3.6,660,20,49800.0,0.06,Fully Paid,Fair,Very Low,10.859018228147887,9.994287576862567
165,4500.0,60 months,5.7,B,medical,OWN,59000.0,4,20.1,658,5,49100.0,0.01,Fully Paid,Fair,Moderate,10.985309671896763,8.412054873292933
166,33600.0,36 months,16.4,C,debt_consolidation,OWN,41000.0,0,14.8,726,21,32500.0,0.21,Fully Paid,Good,Low,10.62135173563291,10.422311107413181
167,13500.0,36 months,20.2,A,medical,RENT,20000.0,9,11.6,721,25,40200.0,0.66,Fully Paid,Good,Low,9.90353755128617,9.510519035757246
168,8300.0,60 months,22.5,A,wedding,OWN,93000.0,10,14.1,770,13,35800.0,0.41,Fully Paid,Very Good,Low,11.440365524765756,9.024131268455035
169,2600.0,36 months,11.8,B,debt_consolidation,RENT,87000.0,5,40.2,733,10,29700.0,0.4,Fully Paid,Good,Very High,11.373674891823535,7.8636512654486515
170,24000.0,60 months,21.4,A,debt_consolidation,MORTGAGE,52000.0,8,46.5,625,23,2700.0,0.88,Fully Paid,Fair,Very High,10.859018228147887,10.085850775128717
171,27400.0,36 months,7.2,A,vacation,RENT,62000.0,8,20.3,753,17,22700.0,0.9,Fully Paid,Very Good,Moderate,11.034905792929415,10.21833478806055
172,1600.0,60 months,21.9,A,debt_consolidation,OWN,77000.0,7,45.3,650,7,33700.0,0.91,Fully Paid,Fair,Very High,11.251573687764477,7.3783837129967145
173,21000.0,36 months,7.5,A,small_business,OWN,27000.0,4,16.1,681,11,33900.0,0.31,Fully Paid,Good,Low,10.203629181337648,9.952325334619427
174,9800.0,60 months,12.9,A,credit_card,MORTGAGE,46000.0,0,23.8,713,26,18700.0,0.69,Fully Paid,Good,Moderate,10.736418414365376,9.19023970026918
175,26200.0,36 months,20.9,G,debt_consolidation,MORTGAGE,89000.0,8,11.3,800,13,47100.0,0.27,Fully Paid,Very Good,Low,11.39640288460621,10.173552856959743
176,7800.0,60 months,8.0,B,small_business,RENT,32000.0,0,32.0,850,26,8400.0,0.19,Default,Excellent,High,10.373522431293592,8.962007209588313
177,27900.0,36 months,9.6,B,credit_card,RENT,69000.0,7,48.9,730,9,25000.0,0.18,Fully Paid,Good,Very High,11.141876276228,10.236417809461043
178,16100.0,36 months,19.4,C,credit_card,MORTGAGE,30000.0,4,30.2,691,14,34500.0,0.34,Default,Good,High,10.308985993422082,9.686636660844938
179,37500.0,60 months,19.4,A,debt_consolidation,RENT,76000.0,2,17.9,727,27,34900.0,0.43,Fully Paid,Good,Low,11.23850177707664,10.53212287826962
180,6400.0,36 months,17.8,E,credit_card,MORTGAGE,59000.0,10,32.4,744,21,32400.0,0.83,Fully Paid,Very Good,High,10.985309671896763,8.764209507142004
181,14300.0,36 months,18.9,D,debt_consolidation,RENT,27000.0,6,6.1,684,16,13800.0,0.12,Fully Paid,Good,Very Low,10.203629181337648,9.568084743872936
182,5400.0,36 months,15.9,A,debt_consolidation,OWN,107000.0,6,44.4,790,27,7800.0,0.73,Fully Paid,Very Good,Very High,11.580593459194764,8.594339400592892
183,37100.0,36 months,10.0,B,vacation,MORTGAGE,41000.0,8,25.2,712,20,31800.0,0.53,Fully Paid,Good,Moderate,10.62135173563291,10.521399202410167
184,35200.0,36 months,11.9,D,debt_consolidation,MORTGAGE,40000.0,6,22.5,725,7,30000.0,0.29,Fully Paid,Good,Moderate,10.596659732783579,10.468829770273567
185,11100.0,36 months,8.6,E,home_improvement,RENT,66000.0,10,29.3,733,29,9000.0,0.49,Fully Paid,Good,Moderate,11.097425172408931,9.314790473332646
186,26700.0,60 months,23.2,B,debt_consolidation,OWN,106000.0,2,31.2,721,26,35300.0,0.3,Fully Paid,Good,High,11.571203807011969,10.192456296870509
187,32900.0,36 months,16.7,C,medical,OWN,36000.0,10,3.6,742,13,22800.0,0.6,Fully Paid,Very Good,Very Low,10.491301994830229,10.401258331428318
188,22700.0,36 months,13.0,A,debt_consolidation,MORTGAGE,62000.0,0,34.1,669,19,33400.0,0.43,Fully Paid,Fair,High,11.034905792929415,10.030164255362632
189,21700.0,60 months,14.2,G,vacation,MORTGAGE,74000.0,7,12.1,672,9,41900.0,0.16,Fully Paid,Good,Low,11.211833885608513,9.985113621416073
190,10400.0,60 months,23.9,A,credit_card,MORTGAGE,85000.0,2,35.7,645,27,8500.0,0.12,Fully Paid,Fair,High,11.350418300109132,9.249657234353133
191,4600.0,36 months,8.1,E,debt_consolidation,RENT,65000.0,7,41.1,722,17,1000.0,0.55,Default,Good,Very High,11.082157933374816,8.434028950155469
192,36000.0,36 months,16.7,C,debt_consolidation,MORTGAGE,50000.0,7,40.2,739,18,39000.0,0.9,Fully Paid,Good,Very High,10.819798284210286,10.491301994830229
193,36100.0,36 months,15.1,C,debt_consolidation,RENT,40000.0,4,27.6,723,24,30500.0,0.34,Fully Paid,Good,Moderate,10.596659732783579,10.494075844768336
194,25700.0,36 months,17.2,B,credit_card,RENT,63000.0,0,26.0,784,19,35000.0,0.73,Fully Paid,Very Good,Moderate,11.050905878263567,10.154285180632154
195,14200.0,36 months,5.4,A,debt_consolidation,RENT,35000.0,9,7.1,700,20,41900.0,0.66,Fully Paid,Good,Very Low,10.463131911491967,9.561067663645012
196,14600.0,36 months,22.4,A,major_purchase,RENT,20000.0,6,38.8,733,27,40100.0,0.93,Fully Paid,Good,High,9.90353755128617,9.588845298501564
197,29300.0,36 months,23.6,A,credit_card,RENT,74000.0,9,13.6,645,17,48000.0,0.82,Fully Paid,Fair,Low,11.211833885608513,10.285376924115587
198,36000.0,36 months,16.3,A,debt_consolidation,RENT,94000.0,4,24.8,681,21,26800.0,0.57,Fully Paid,Good,Moderate,11.451060699493427,10.491301994830229
199,35600.0,60 months,18.9,D,home_improvement,OWN,20000.0,7,14.2,735,27,24400.0,0.66,Fully Paid,Good,Low,9.90353755128617,10.480129006333248
200,31400.0,60 months,23.4,B,medical,MORTGAGE,36000.0,8,6.7,742,12,20100.0,0.9,Fully Paid,Very Good,Very Low,10.491301994830229,10.354595018522993
201,26000.0,36 months,19.1,A,debt_consolidation,OWN,82000.0,10,31.5,685,25,7700.0,0.4,Fully Paid,Good,High,11.314486721293981,10.165890277802454
202,4300.0,36 months,8.1,F,debt_consolidation,MORTGAGE,168000.0,6,2.7,696,6,28600.0,0.33,Default,Good,Very Low,12.031725210748633,8.366602832783736
203,7300.0,36 months,16.5,D,debt_consolidation,RENT,60000.0,6,37.4,624,9,13900.0,0.01,Fully Paid,Fair,High,11.002116507732017,8.895766604056085
204,36000.0,60 months,17.1,E,medical,MORTGAGE,42000.0,0,15.9,682,10,46100.0,0.83,Fully Paid,Good,Low,10.645448706505872,10.491301994830229
205,24700.0,36 months,13.5,G,home_improvement,MORTGAGE,55000.0,3,0.0,745,16,29200.0,0.8,Default,Very Good,,10.915106645867503,10.114599007626499
206,1400.0,36 months,19.7,A,credit_card,RENT,119000.0,1,25.6,729,22,29600.0,0.1,Fully Paid,Good,Moderate,11.686887175419702,7.244941546337007
207,5000.0,60 months,23.7,B,major_purchase,MORTGAGE,43000.0,1,2.3,725,26,17700.0,0.58,Fully Paid,Good,Very Low,10.668978650219241,8.517393171418904
208,26900.0,60 months,23.5,D,major_purchase,RENT,40000.0,1,13.8,702,26,2600.0,0.46,Fully Paid,Good,Low,10.596659732783579,10.199918739620157
209,1200.0,60 months,14.0,C,credit_card,MORTGAGE,47000.0,3,35.3,700,5,1600.0,0.12,Fully Paid,Good,High,10.757924157061597,7.0909098220799835
210,7300.0,60 months,7.3,A,small_business,MORTGAGE,37000.0,0,3.1,667,21,21200.0,0.98,Fully Paid,Fair,Very Low,10.518700218288165,8.895766604056085
211,22400.0,36 months,24.7,D,debt_consolidation,RENT,64000.0,3,42.0,735,15,4200.0,0.21,Fully Paid,Good,Very High,11.06665398721974,10.016860879703811
212,28000.0,36 months,21.8,A,debt_consolidation,RENT,135000.0,1,0.2,721,14,30300.0,0.07,Fully Paid,Good,Very Low,11.813037464800539,10.239995502805316
213,26400.0,60 months,7.5,A,debt_consolidation,MORTGAGE,70000.0,4,12.3,725,23,44000.0,0.59,Fully Paid,Good,Low,11.156264806643742,10.181157167204903
214,9700.0,60 months,23.4,B,debt_consolidation,MORTGAGE,53000.0,2,37.0,674,18,44100.0,0.74,Fully Paid,Good,High,10.87806606028079,9.179984251961283
215,28800.0,36 months,22.4,C,credit_card,RENT,52000.0,7,15.8,592,30,33000.0,0.03,Fully Paid,Fair,Low,10.859018228147887,10.268165387743457
216,10300.0,36 months,15.4,C,wedding,OWN,27000.0,3,5.1,755,14,10600.0,0.66,Fully Paid,Very Good,Very Low,10.203629181337648,9.239996256883693
217,13700.0,36 months,16.8,A,debt_consolidation,RENT,93000.0,0,18.0,676,19,43100.0,0.53,Default,Good,Low,11.440365524765756,9.525224101853109
218,30100.0,60 months,13.0,D,debt_consolidation,MORTGAGE,58000.0,0,13.5,657,23,44300.0,0.1,Default,Fair,Low,10.968215530759236,10.31231367277647
219,26300.0,60 months,6.1,A,credit_card,OWN,55000.0,9,42.1,735,8,9800.0,0.17,Fully Paid,Good,Very High,10.915106645867503,10.177362240256695
220,34100.0,36 months,11.7,A,wedding,RENT,296000.0,2,15.7,680,6,36900.0,0.57,Fully Paid,Good,Low,12.598118111678868,10.43708198835482
221,26600.0,36 months,21.1,D,debt_consolidation,RENT,70000.0,8,39.4,753,13,14300.0,0.3,Fully Paid,Very Good,High,11.156264806643742,10.188704088048116
222,23200.0,36 months,5.1,F,credit_card,RENT,41000.0,6,44.6,731,14,40100.0,0.94,Default,Good,Very High,10.62135173563291,10.05195066017375
223,4700.0,60 months,11.7,D,debt_consolidation,RENT,48000.0,1,21.7,734,15,49900.0,0.82,Fully Paid,Good,Moderate,10.778977123006351,8.45553053102413
224,15300.0,60 months,13.0,D,debt_consolidation,RENT,106000.0,8,45.5,632,18,1500.0,0.98,Default,Fair,Very High,11.571203807011969,9.635673464721814
225,11300.0,60 months,15.7,C,other,MORTGAGE,63000.0,9,18.9,761,11,44900.0,0.26,Fully Paid,Very Good,Low,11.050905878263567,9.332646496360152
226,10500.0,36 months,23.4,C,vacation,RENT,29000.0,1,48.2,713,27,31100.0,0.97,Fully Paid,Good,Very High,10.275085591132715,9.259225769705994
227,38900.0,36 months,11.9,A,debt_consolidation,MORTGAGE,95000.0,2,4.5,682,19,48700.0,0.43,Fully Paid,Good,Very Low,11.461642696843066,10.568775236216993
228,16300.0,36 months,11.9,B,vacation,OWN,43000.0,10,34.4,707,26,23300.0,0.35,Default,Good,High,10.668978650219241,9.69898173460629
229,35800.0,36 months,19.8,B,home_improvement,MORTGAGE,153000.0,9,24.7,611,23,42400.0,0.05,Fully Paid,Fair,Moderate,11.938199736300925,10.485731104959568
230,25600.0,60 months,14.0,A,small_business,MORTGAGE,103000.0,1,19.4,720,26,3100.0,0.05,Fully Paid,Good,Low,11.542493975902508,10.150386692204734
231,32000.0,60 months,9.5,C,credit_card,RENT,48000.0,2,31.6,649,19,16800.0,0.69,Fully Paid,Fair,High,10.778977123006351,10.373522431293592
232,20600.0,60 months,14.0,B,credit_card,MORTGAGE,114000.0,5,35.2,632,28,3400.0,0.46,Fully Paid,Fair,High,11.643962499267984,9.933094897288786
233,23500.0,60 months,7.8,A,credit_card,MORTGAGE,62000.0,8,0.2,624,12,48800.0,0.23,Fully Paid,Fair,Very Low,11.034905792929415,10.064798252418377
234,20200.0,36 months,8.5,A,home_improvement,MORTGAGE,92000.0,8,8.3,756,15,40800.0,0.61,Fully Paid,Very Good,Very Low,11.429554725537322,9.913487387114461
235,8600.0,60 months,15.0,C,debt_consolidation,RENT,76000.0,6,35.7,669,13,42600.0,0.25,Fully Paid,Fair,High,11.23850177707664,9.059633754551479
236,29200.0,60 months,13.4,A,debt_consolidation,OWN,39000.0,2,33.3,777,19,46900.0,0.58,Fully Paid,Very Good,High,10.571342565808699,10.281958234245314
237,12000.0,60 months,23.3,D,debt_consolidation,MORTGAGE,43000.0,3,48.3,673,5,4300.0,0.36,Fully Paid,Good,Very High,10.668978650219241,9.392745258631441
238,1900.0,36 months,12.2,B,medical,RENT,100000.0,5,38.1,615,5,19300.0,0.82,Fully Paid,Fair,High,11.51293546492023,7.550135342488429
239,26200.0,36 months,16.6,B,debt_consolidation,RENT,51000.0,10,47.5,644,23,3600.0,0.82,Fully Paid,Fair,Very High,10.839600519357369,10.173552856959743
240,7900.0,36 months,17.6,C,home_improvement,MORTGAGE,49000.0,4,35.1,762,7,10500.0,0.48,Fully Paid,Very Good,High,10.799595985047786,8.974744612722734
241,37700.0,60 months,5.3,D,vacation,MORTGAGE,37000.0,1,14.9,692,14,11500.0,0.35,Fully Paid,Good,Low,10.518700218288165,10.537441898283253
242,38200.0,36 months,18.3,B,debt_consolidation,MORTGAGE,74000.0,5,5.3,673,12,23500.0,0.36,Fully Paid,Good,Very Low,11.211833885608513,10.5506169722625
243,36700.0,36 months,8.6,C,home_improvement,MORTGAGE,168000.0,2,39.1,708,19,13400.0,0.81,Fully Paid,Good,High,12.031725210748633,10.510559281627845
244,15400.0,36 months,24.2,C,credit_card,RENT,35000.0,7,32.2,725,14,5000.0,0.33,Fully Paid,Good,High,10.463131911491967,9.642187721358466
245,1600.0,36 months,8.0,A,small_business,MORTGAGE,61000.0,1,2.4,756,5,8400.0,0.21,Fully Paid,Very Good,Very Low,11.0186455364637,7.3783837129967145
246,37200.0,36 months,13.3,D,debt_consolidation,MORTGAGE,121000.0,0,18.0,772,22,7400.0,0.08,Fully Paid,Very Good,Low,11.703554089007538,10.524090921620362
247,17700.0,36 months,6.7,D,home_improvement,RENT,58000.0,8,47.8,682,6,48700.0,0.47,Fully Paid,Good,Very High,10.968215530759236,9.781376414141157
248,38700.0,36 months,24.9,C,major_purchase,RENT,75000.0,2,25.0,634,23,38000.0,0.48,Fully Paid,Fair,Moderate,11.225256725762893,10.563620718477313
249,38600.0,36 months,15.0,D,wedding,MORTGAGE,35000.0,10,21.6,679,17,48400.0,0.84,Fully Paid,Good,Moderate,10.463131911491967,10.5610334618531
250,34300.0,60 months,16.9,D,home_improvement,RENT,74000.0,0,22.9,713,26,22000.0,0.22,Default,Good,Moderate,11.211833885608513,10.442929787247998
251,12500.0,36 months,6.3,C,credit_card,MORTGAGE,55000.0,6,10.4,652,5,13900.0,0.38,Fully Paid,Fair,Low,10.915106645867503,9.433563920090563
252,16000.0,60 months,20.0,D,home_improvement,RENT,98000.0,9,18.4,652,6,39900.0,0.81,Fully Paid,Fair,Low,11.49273296168228,9.680406499268875
253,34200.0,36 months,9.2,C,small_business,RENT,108000.0,4,18.5,717,20,16300.0,0.82,Fully Paid,Good,Low,11.58989576532275,10.440010162389305
254,13400.0,36 months,23.0,C,credit_card,RENT,219000.0,4,2.6,698,19,15000.0,0.38,Fully Paid,Good,Very Low,12.296831574998258,9.503084610020228
255,7600.0,60 months,9.1,C,debt_consolidation,OWN,80000.0,0,38.4,702,17,11600.0,0.46,Fully Paid,Good,High,11.289794413577894,8.936035096566041
256,22700.0,36 months,8.8,D,wedding,MORTGAGE,70000.0,8,20.8,662,20,6500.0,0.3,Default,Fair,Moderate,11.156264806643742,10.030164255362632
257,37500.0,36 months,5.7,A,home_improvement,OWN,66000.0,6,41.1,688,21,12800.0,0.93,Fully Paid,Good,Very High,11.097425172408931,10.53212287826962
258,28100.0,36 months,14.4,D,home_improvement,MORTGAGE,50000.0,7,42.5,654,25,17800.0,0.12,Fully Paid,Fair,Very High,10.819798284210286,10.243560441877241
259,23200.0,60 months,16.3,D,debt_consolidation,RENT,71000.0,8,10.6,745,11,33700.0,0.93,Fully Paid,Very Good,Low,11.170449240431308,10.05195066017375
260,4800.0,36 months,6.3,A,home_improvement,MORTGAGE,52000.0,5,32.9,752,28,3100.0,0.68,Fully Paid,Very Good,High,10.859018228147887,8.476579508530941
261,25000.0,60 months,20.5,D,debt_consolidation,MORTGAGE,65000.0,4,23.6,608,30,10500.0,0.53,Fully Paid,Fair,Moderate,11.082157933374816,10.12667110305036
262,39600.0,36 months,14.1,A,home_improvement,MORTGAGE,116000.0,5,44.0,654,21,40500.0,0.03,Fully Paid,Fair,Very High,11.661354090741,10.586609649448985
263,6500.0,36 months,15.5,B,debt_consolidation,RENT,36000.0,10,10.8,625,11,7300.0,0.48,Fully Paid,Fair,Low,10.491301994830229,8.77971129020447
264,21200.0,36 months,13.8,C,home_improvement,MORTGAGE,106000.0,1,33.9,667,17,17100.0,0.41,Fully Paid,Fair,High,11.571203807011969,9.961803629358965
265,35200.0,36 months,13.0,A,other,RENT,116000.0,3,30.4,696,9,43200.0,0.16,Fully Paid,Good,High,11.661354090741,10.468829770273567
266,29900.0,36 months,16.2,D,debt_consolidation,RENT,56000.0,2,14.8,628,30,7700.0,0.66,Fully Paid,Fair,Low,10.933124826700707,10.305647203635566
267,28200.0,36 months,8.1,D,vacation,MORTGAGE,21000.0,6,6.8,654,21,4100.0,0.97,Default,Fair,Very Low,9.952325334619427,10.247112717290387
268,28400.0,36 months,8.6,B,credit_card,MORTGAGE,44000.0,8,32.6,650,7,24200.0,0.56,Fully Paid,Fair,High,10.691967639914864,10.254179634797001
269,15000.0,60 months,22.2,A,small_business,RENT,115000.0,4,36.9,710,11,15100.0,0.71,Fully Paid,Good,High,11.652696102959753,9.61587214452889
270,12500.0,36 months,23.9,A,major_purchase,RENT,59000.0,5,15.8,703,30,28200.0,0.07,Fully Paid,Good,Low,10.985309671896763,9.433563920090563
271,32600.0,36 months,12.5,C,credit_card,MORTGAGE,36000.0,9,32.2,664,21,40200.0,0.42,Default,Fair,High,10.491301994830229,10.392098241730961
272,32600.0,60 months,10.4,G,medical,MORTGAGE,47000.0,1,19.8,709,11,6900.0,0.12,Default,Good,Low,10.757924157061597,10.392098241730961
273,34800.0,36 months,17.9,C,small_business,OWN,91000.0,2,35.7,673,25,29000.0,0.61,Fully Paid,Good,High,11.418625774449596,10.457401400981889
274,36600.0,36 months,13.2,A,credit_card,OWN,79000.0,2,10.0,686,5,25300.0,0.94,Fully Paid,Good,Very Low,11.277215789596893,10.50783084142058
275,20900.0,60 months,5.5,C,debt_consolidation,MORTGAGE,53000.0,8,44.5,784,21,7200.0,0.66,Fully Paid,Very Good,Very High,10.87806606028079,9.94755228369823
276,20600.0,60 months,8.1,B,home_improvement,RENT,50000.0,6,14.4,767,21,31200.0,0.08,Default,Very Good,Low,10.819798284210286,9.933094897288786
277,32100.0,36 months,19.3,D,major_purchase,MORTGAGE,49000.0,7,18.4,635,15,13700.0,0.35,Fully Paid,Fair,Low,10.799595985047786,10.376642461280849
278,26300.0,60 months,18.2,A,medical,MORTGAGE,38000.0,10,2.9,741,29,24400.0,0.55,Fully Paid,Very Good,Very Low,10.545367754151743,10.177362240256695
279,28400.0,36 months,5.5,D,major_purchase,RENT,134000.0,9,5.6,741,7,4100.0,0.4,Fully Paid,Very Good,Very Low,11.80560254159177,10.254179634797001
280,32000.0,36 months,9.4,B,credit_card,MORTGAGE,51000.0,10,25.8,643,19,23000.0,0.83,Fully Paid,Fair,Moderate,10.839600519357369,10.373522431293592
281,35700.0,36 months,9.6,F,major_purchase,RENT,110000.0,8,13.4,741,25,15300.0,0.81,Fully Paid,Very Good,Low,11.608244735642321,10.482933978579906
282,14200.0,60 months,18.4,B,debt_consolidation,OWN,128000.0,5,41.8,777,15,41100.0,0.61,Fully Paid,Very Good,Very High,11.759793355371237,9.561067663645012
283,15600.0,36 months,5.4,C,credit_card,MORTGAGE,99000.0,3,0.7,644,30,2800.0,0.37,Fully Paid,Fair,Very Low,11.502885230075814,9.65509029374725
284,4700.0,36 months,7.1,E,debt_consolidation,MORTGAGE,48000.0,0,19.0,654,20,20900.0,0.26,Fully Paid,Fair,Low,10.778977123006351,8.45553053102413
285,23600.0,36 months,21.0,A,debt_consolidation,MORTGAGE,73000.0,7,16.9,751,29,22900.0,0.11,Fully Paid,Very Good,Low,11.19822841866684,10.069044362997353
286,2400.0,36 months,8.6,E,debt_consolidation,OWN,59000.0,6,1.0,714,26,36300.0,0.35,Fully Paid,Good,Very Low,10.985309671896763,7.783640596221253
287,19200.0,36 months,18.1,C,debt_consolidation,MORTGAGE,38000.0,1,6.2,728,13,28700.0,0.41,Fully Paid,Good,Very Low,10.545367754151743,9.862717639992917
288,22200.0,36 months,9.8,A,home_improvement,MORTGAGE,70000.0,7,20.7,717,28,33400.0,0.68,Fully Paid,Good,Moderate,11.156264806643742,10.007892611890918
289,12200.0,36 months,7.0,B,debt_consolidation,RENT,33000.0,4,24.6,720,28,38900.0,0.66,Fully Paid,Good,Moderate,10.404293143019792,9.409273194575334
290,24000.0,36 months,9.9,C,credit_card,MORTGAGE,108000.0,6,20.2,634,5,43100.0,0.07,Default,Fair,Moderate,11.58989576532275,10.085850775128717
291,2200.0,36 months,19.4,A,debt_consolidation,RENT,47000.0,3,26.5,752,29,15700.0,0.4,Fully Paid,Very Good,Moderate,10.757924157061597,7.696667081526462
292,2500.0,36 months,22.1,C,debt_consolidation,MORTGAGE,66000.0,4,29.8,758,26,26900.0,0.18,Fully Paid,Very Good,Moderate,11.097425172408931,7.824445930877619
293,33100.0,36 months,21.6,B,debt_consolidation,MORTGAGE,69000.0,7,0.5,689,20,42000.0,0.16,Fully Paid,Good,Very Low,11.141876276228,10.407318772389159
294,15000.0,36 months,12.9,C,debt_consolidation,MORTGAGE,53000.0,0,23.2,698,13,49500.0,0.83,Fully Paid,Good,Moderate,10.87806606028079,9.61587214452889
295,6000.0,60 months,18.4,A,home_improvement,RENT,80000.0,0,48.2,623,23,44500.0,0.04,Fully Paid,Fair,Very High,11.289794413577894,8.699681400989514
296,21400.0,36 months,9.1,D,home_improvement,RENT,47000.0,3,26.0,726,16,18600.0,0.42,Fully Paid,Good,Moderate,10.757924157061597,9.97119292889014
297,31000.0,36 months,10.9,F,home_improvement,MORTGAGE,93000.0,2,33.9,729,23,9800.0,0.17,Default,Good,High,11.440365524765756,10.34177474101152
298,9400.0,36 months,22.9,F,credit_card,RENT,31000.0,9,15.6,697,26,24500.0,0.88,Fully Paid,Good,Low,10.34177474101152,9.148571345578551
299,25300.0,36 months,5.3,C,debt_consolidation,RENT,64000.0,1,38.7,756,13,37100.0,0.56,Fully Paid,Very Good,High,11.06665398721974,10.138599199626192
300,4300.0,36 months,6.7,A,small_business,RENT,158000.0,2,38.6,683,11,24600.0,0.23,Fully Paid,Good,High,11.970356641102999,8.366602832783736
